Title,Year of release_x,Hulu,Year of release_y,Netflix
10.0 Earthquake,2014,Hulu,,
10x10,2018,Hulu,,
10 Years,2011,Hulu,,
11 Minutes,2015,Hulu,,
12 Dates of Christmas,2011,Hulu,,
12 Dog Days Till Christmas,2014,Hulu,,
12 O’Clock Boys,2013,Hulu,,
13 Assassins,2010,Hulu,,
1:54,2016,Hulu,,
1 a Minute,2010,Hulu,,
20 Ft Below: The Darkness Descending,2014,Hulu,,
20 Weeks,2017,Hulu,,
2:22,2017,Hulu,,
22 Bullets,2010,Hulu,,
24 Hour Love,2013,Hulu,,
27 Alien Encounters,2016,Hulu,,
28 Hotel Rooms,2012,Hulu,,
2 Days in New York,2012,Hulu,,
2 Days in the Valley,1996,Hulu,,
35 and Ticking,2011,Hulu,,
54,1998,Hulu,,
6 Below: Miracle on the Mountain,2017,Hulu,,
78/52,2017,Hulu,,
9/11: 15 years later,2016,Hulu,,
A Beautiful Mind,2001,Hulu,,
Above and Beyond: NASA's Journey to Tomorrow,2018,Hulu,,
Above Ground Level: Dubfire,2017,Hulu,,
A Boy Named Charlie Brown,1969,Hulu,,
Ace Ventura: Pet Detective,1994,Hulu,,
Ace Ventura: When Nature Calls,1995,Hulu,,
A Christmas Eve Miracle,2015,Hulu,,
A Christmas Kiss II,2014,Hulu,,
A Christmas Tree Miracle,2013,Hulu,,
A Cinderella Christmas,2016,Hulu,,
A Conspiracy of Faith,2016,Hulu,,
A Conspiracy To Rule: The Illuminati,2017,Hulu,,
Active Measures,2018,Hulu,,
A Date for Mad Mary,2016,Hulu,,
Addicted to Fresno,2015,Hulu,,
A Dog for Christmas,2015,Hulu,,
A Dogwalker's Christmas Tale,2015,Hulu,2015.0,Netflix
Advanced Style,2014,Hulu,,
A Fairly Odd Christmas,2012,Hulu,,
"A Fairly Odd Movie: Grow Up, Timmy Turner!",2011,Hulu,,
A Fairytale Christmas (Christmas Belle),2013,Hulu,,
Affairs of State,2018,Hulu,,
Affluenza,2014,Hulu,,
A Fine Step,2014,Hulu,,
A Fish Called Wanda,1988,Hulu,,
A Fistful of Dollars,1964,Hulu,,
Afro Samurai: Resurrection,2009,Hulu,,
A Frozen Christmas,2016,Hulu,,
Afterimage,2016,Hulu,,
Afterlife,2018,Hulu,,
Aftermath,2017,Hulu,,
Afternoon Delight,2013,Hulu,,
After the Wedding,2006,Hulu,,
A Girl Cut in Two,2007,Hulu,,
A Holiday Engagement,2011,Hulu,,
Ain't Them Bodies Saints,2013,Hulu,,
Ai Weiwei: Never Sorry,2012,Hulu,2012.0,Netflix
Akira,1988,Hulu,,
Akron,2015,Hulu,,
Albert,2015,Hulu,,
Alien Contact,2014,Hulu,,
Alien Invasion: S.U.M.1,2017,Hulu,,
Alien Psychosis,2018,Hulu,,
Alien Reign of Man,2017,Hulu,,
Aliens and Agenda 21,2018,Hulu,,
Aliens In Egypt,2017,Hulu,,
A Life in Waves,2017,Hulu,,
All Around Us,2008,Hulu,,
All at Once,2016,Hulu,,
All Good Things,2010,Hulu,,
Allied,2016,Hulu,,
All Is Lost,2013,Hulu,,
All Over the Guy,2001,Hulu,,
All Square,2018,Hulu,,
All the Wild Horses,2017,Hulu,,
Allure,2018,Hulu,,
Almost Friends,2017,Hulu,,
Almost Human,2013,Hulu,,
Alone For Christmas,2013,Hulu,,
Along Came the Devil,2018,Hulu,,
Along for the Ride,2017,Hulu,,
A Long Way Down,2014,Hulu,,
Along with the Gods: The Two Worlds,2017,Hulu,,
A Magic Christmas,2014,Hulu,,
A Man Alone,1955,Hulu,,
American Bigfoot,2017,Hulu,,
American Folk,2018,Hulu,,
American Ghost Hunter,2015,Hulu,,
American Meth,2008,Hulu,,
American Venus,2007,Hulu,,
A Mermaid's Tale,2017,Hulu,,
A Miser Brothers' Christmas,2008,Hulu,,
A Most Wanted Man,2014,Hulu,,
Amy Winehouse - A Last Goodbye,2011,Hulu,,
An Accidental Christmas,2007,Hulu,,
An American in Texas,2017,Hulu,,
Ancient Alien Question: From UFOs to Extraterrestrial Visitations,2012,Hulu,,
Angelina Ballerina: Angelina's Princess Dance,2005,Hulu,,
Angelina Ballerina: A Shining Star Trophy,2011,Hulu,,
Angelina Ballerina: Ballerina Princess,2012,Hulu,,
Angelina Ballerina: Dance Around the World,2013,Hulu,,
Angelina Ballerina: Dreams Do Come True,2012,Hulu,,
Angelina Ballerina: In the Wings,2004,Hulu,,
Angelina Ballerina : On With the Show,2014,Hulu,,
Angelina Ballerina: Perfectly Pink,2014,Hulu,,
Angelina Ballerina: Spring Fling,2014,Hulu,,
Angelina Ballerina: Superstar Sisters,2012,Hulu,,
Angelina Ballerina: The Magic of Dance,2002,Hulu,,
Angel of Mine,2008,Hulu,,
Angels in the Snow,2015,Hulu,2015.0,Netflix
Animals,2014,Hulu,,
An Inconvenient Sequel: Truth to Power,2017,Hulu,,
Anna,2017,Hulu,,
Annihilation,2018,Hulu,,
Antihuman,2017,Hulu,,
Anti Matter,2016,Hulu,,
Ants on a Shrimp,2016,Hulu,,
Antz,1998,Hulu,,
A Perfect Day,2015,Hulu,,
A Place at the Table,2012,Hulu,,
Apollo 13,1995,Hulu,,
A Puppy for Christmas,2016,Hulu,,
Area 51,2015,Hulu,,
A Reckoning,2018,Hulu,,
Armour of God,1986,Hulu,,
Armour of God II: Operation Condor,1991,Hulu,,
Arrival,2016,Hulu,,
Art of the Game: Ukiyo-e Heroes,2017,Hulu,,
A Second Chance,2014,Hulu,,
A Second Chance,2013,Hulu,,
As Good As Dead,2010,Hulu,,
A Simple Plan,1998,Hulu,,
As Luck Would Have It,2011,Hulu,,
Asmodexia,2014,Hulu,,
A Stork's Journey,2017,Hulu,,
A Taxi Driver,2017,Hulu,,
A Teacher,2013,Hulu,,
A Thousand Junkies,2017,Hulu,,
Augie,2017,Hulu,,
Au Pair 3: Adventure in Paradise,2009,Hulu,,
Austin Found,2017,Hulu,,
A Very Brady Christmas,1988,Hulu,,
A Very Cool Christmas,2004,Hulu,,
A Very Sordid Wedding,2017,Hulu,,
A View to a Kill,1985,Hulu,,
Awaiting,2015,Hulu,,
Awakening the Zodiac,2017,Hulu,,
A Walk to Remember,2002,Hulu,,
Babe,1995,Hulu,,
Baby Geniuses 3: Baby Squad Investigators,2013,Hulu,,
Baby Geniuses and the Space Baby,2015,Hulu,,
Baby Geniuses and the Treasures of Egypt,2014,Hulu,,
Bachelor Party,1984,Hulu,,
Back to Christmas,2014,Hulu,,
Bad Apples,2018,Hulu,,
Bad Blood,2017,Hulu,,
Bad Brains: A Band in DC,2012,Hulu,,
Bad Company,1972,Hulu,,
Bad Girls,1994,Hulu,,
Bad Girls from Mars,1990,Hulu,,
Bad Reputation,2018,Hulu,,
Bad Roomies,2015,Hulu,,
Bad Santa,2003,Hulu,,
Baja,2018,Hulu,,
Ballet 422,2014,Hulu,,
Ballet Now,2018,Hulu,,
Bangkok Dangerous,2008,Hulu,,
Barbie: A Fashion Fairytale,2010,Hulu,,
Barbie and the Diamond Castle,2008,Hulu,,
Barbie and the Three Musketeers,2009,Hulu,,
Barbie: A Perfect Christmas,2011,Hulu,,
Barbie & Her Sisters in the Great Puppy Adventure,2015,Hulu,,
Barbie in 'A Christmas Carol',2008,Hulu,,
Barbie in A Mermaid Tale 2,2012,Hulu,,
Barbie Mariposa and Her Butterfly Fairy Friends,2008,Hulu,,
Barbie Presents: Thumbelina,2009,Hulu,,
Barbie: The Pearl Princess,2013,Hulu,,
Bare,2015,Hulu,,
Barefoot,2014,Hulu,,
Barney: 1 2 3 Learn,2011,Hulu,,
Barney: A-Counting We Will Go,2010,Hulu,,
Barney: A Very Merry Christmas: The movie,2011,Hulu,,
Barney: Best Fairy Tales,2010,Hulu,,
Barney Big World Adventure The Movie,2011,Hulu,,
"Barney: Clean Up, Clean Up!",2012,Hulu,,
Barney: Dance With Barney,2013,Hulu,,
Barney: Egg-Cellent Adventures,2010,Hulu,,
Barney: Happy Birthday Barney!,2014,Hulu,,
Barney: I Can Do It,2011,Hulu,,
Barney: Imagination Island,1994,Hulu,,
Barney: Let's Go on Vacation,2009,Hulu,,
Barney: Let's Go To The Farm,2005,Hulu,,
Barney: Let's Go To The Moon,2013,Hulu,,
Barney: Let's Go to the Zoo,2003,Hulu,,
Barney: Let's Play School!,1999,Hulu,,
Barney: Most Huggable Moments,2013,Hulu,,
Barney: Movin' and Groovin' with Barney,2004,Hulu,,
Barney: Musical Zoo,2011,Hulu,,
Barney: Now I Know My ABCs,2004,Hulu,,
Barney: Please & Thank You,2010,Hulu,,
Barney's Animal ABCs,2008,Hulu,,
Barney's Christmas Star,2002,Hulu,,
Barney: Shake Your Dino Tail!,2007,Hulu,,
Barney's Halloween Party,1998,Hulu,,
Barney's Night Before Christmas,1999,Hulu,,
Barney: Storytime with Barney,2014,Hulu,,
Barney: Top 20 Countdown,2006,Hulu,,
Barney: We Love Our Family,2009,Hulu,,
Base,2017,Hulu,,
Basic Instinct,1992,Hulu,,
Baskın,2015,Hulu,,
Batman & Bill,2017,Hulu,,
Battlestar Galactica: The Plan,2009,Hulu,,
Baywatch,2017,Hulu,,
B.B. King: On The Road,2018,Hulu,,
Beach Rats,2017,Hulu,,
Beacon Point,2016,Hulu,,
Beatriz at Dinner,2017,Hulu,,
Beautiful People,2014,Hulu,,
Beauty & the Briefcase,2010,Hulu,,
Becoming Bond,2017,Hulu,,
Bees Make Honey,2018,Hulu,,
Beetlejuice,1988,Hulu,,
Before We Vanish,2017,Hulu,,
Behaving Badly,2014,Hulu,,
Being Evel,2015,Hulu,,
Beloved,2011,Hulu,,
Bending Steel,2013,Hulu,,
Bend It Like Beckham,2002,Hulu,,
Beneath the Darkness,2011,Hulu,,
Ben-Hur,2016,Hulu,,
Beowulf,2007,Hulu,,
Berberian Sound Studio,2012,Hulu,,
Besetment,2016,Hulu,,
Beside Bowie: The Mick Ronson Story,2017,Hulu,,
Best of Enemies,2015,Hulu,2015.0,Netflix
Best Player,2011,Hulu,,
Best Seller,1987,Hulu,,
Beverly Hills Vamp,1989,Hulu,,
Beyond Paradise,2015,Hulu,,
Beyond the Hills,2012,Hulu,,
Bible Conspiracies,2016,Hulu,,
Bigfoot,2018,Hulu,1997.0,Netflix
Bigfoot Encounters,2018,Hulu,,
Bigger Stronger Faster*,2008,Hulu,,
Bill & Ted's Bogus Journey,1991,Hulu,,
Bill & Ted's Excellent Adventure,1989,Hulu,,
Birthright: A War Story,2017,Hulu,,
Bite Size,2014,Hulu,,
Black Cop,2017,Hulu,,
Black Gold,2011,Hulu,,
Black Hollow Cage,2017,Hulu,,
Black Spurs,1965,Hulu,,
Blade of the Immortal,2017,Hulu,,
Blair Witch,2016,Hulu,,
Bleeding Heart,2015,Hulu,,
Blind,2017,Hulu,,
Blood Ties,2013,Hulu,,
Blow Out,1981,Hulu,,
Blue Caprice,2013,Hulu,,
Bluefin,2018,Hulu,,
Blue Hill Avenue,2001,Hulu,,
Blue Jasmine,2013,Hulu,,
Blue Velvet,1986,Hulu,,
Bob the Builder: A Christmas to Remember,2001,Hulu,,
Bob The Builder: Building Buddies,2013,Hulu,,
Bob the Builder: Built to be Wild,2006,Hulu,,
Bob The Builder: Can We Fix It?,2004,Hulu,,
Bob the Builder: On Site - Skyscrapers,2009,Hulu,,
Bob the Builder - Race to the Finish,2008,Hulu,,
Bob the Builder: Teamwork Time,2012,Hulu,,
Bob the Builder: The Knights of Can-A-Lot,2004,Hulu,,
Bob The Builder: The Ultimate Can-Do Crew,2012,Hulu,,
Bob the Builder: To the Rescue!,2003,Hulu,,
Bodysnatch,2018,Hulu,,
Boo 2! A Madea Halloween,2017,Hulu,,
Boo! A Madea Halloween,2016,Hulu,,
Boom for Real: The Late Teenage Years of Jean-Michel Basquiat,2018,Hulu,,
Boomtown,2017,Hulu,,
Boots on the Ground,2017,Hulu,,
Borg vs McEnroe,2017,Hulu,,
Born in Light: Tesla,2017,Hulu,,
Born on the Fourth of July,1989,Hulu,,
Bound,2015,Hulu,,
Bound to Vengeance,2015,Hulu,,
Box of Moonlight,1996,Hulu,,
Boy Meets Girl,2015,Hulu,,
Boys,2014,Hulu,,
Boys and Girls,2000,Hulu,,
BPM (Beats per Minute),2017,Hulu,,
Breakable You,2017,Hulu,,
Breaking the Girls,2013,Hulu,,
Breakup at a Wedding,2013,Hulu,,
Bridegroom,2013,Hulu,,
Bride & Prejudice,2004,Hulu,,
"Bright Lights, Big City",1988,Hulu,,
Broadway Danny Rose,1984,Hulu,,
Broken Star,2018,Hulu,,
Bronson,2008,Hulu,,
Brothers,2009,Hulu,,
Bulletproof Monk,2003,Hulu,,
Bullwhip,1958,Hulu,,
Burden,2016,Hulu,,
Burn,2012,Hulu,,
Butterfly Girl,2014,Hulu,,
Butterfly on a Wheel,2007,Hulu,,
Byzantium,2012,Hulu,,
Cabin Fever,2016,Hulu,,
Cabin Fever: Patient Zero,2014,Hulu,,
Caddyshack,1980,Hulu,,
Caddyshack II,1988,Hulu,,
Caffeine,2007,Hulu,,
Cairo Time,2009,Hulu,,
California Typewriter,2017,Hulu,,
Camp,2003,Hulu,,
Campus Confidential,2005,Hulu,,
Capitalism: A Love Story,2009,Hulu,,
Capote,2005,Hulu,,
Captured,2017,Hulu,,
CarGo,2017,Hulu,,
Carnage Park,2016,Hulu,,
Carriers,2009,Hulu,,
Cartel Land,2015,Hulu,,
Casa de los Babys,2003,Hulu,,
Cashback,2006,Hulu,,
Catching Faith,2015,Hulu,,
Certified Copy,2010,Hulu,,
Cesar Chavez,2014,Hulu,,
Change of Plans,2009,Hulu,,
Chaos,2005,Hulu,,
Charged: The Eduardo Garcia Story,2017,Hulu,,
Charlie and the Chocolate Factory,2005,Hulu,,
Charlie Charlie,2016,Hulu,,
Charlotte,2017,Hulu,,
Chasing Christmas,2005,Hulu,,
Chasing Liberty,2004,Hulu,,
Check It,2016,Hulu,,
Chicken Run,2000,Hulu,,
Children of the Corn,1984,Hulu,,
Chinatown,1974,Hulu,,
Christmas Crush,2012,Hulu,,
Christmas Cupid,2010,Hulu,,
Christmas in the Heartland,2017,Hulu,,
Christmas in Wonderland,2007,Hulu,,
Christmas Perfection,2018,Hulu,,
Christmas with the Andersons,2016,Hulu,,
Circus Kane,2017,Hulu,,
City of Gold,2016,Hulu,,
City of Sin,2012,Hulu,,
Client 9: The Rise and Fall of Eliot Spitzer,2010,Hulu,,
Closer,2004,Hulu,,
Closing Gambit: 1978 Korchnoi versus Karpov and the Kremlin,2018,Hulu,,
Coastlines,2002,Hulu,,
Cocaine Cowboys,2006,Hulu,,
Cocaine Godmother,2017,Hulu,,
Coherence,2013,Hulu,,
Cold in July,2014,Hulu,2014.0,Netflix
Colossal,2016,Hulu,,
Columbus,2017,Hulu,,
Come Simi,2015,Hulu,,
Comic Book Villains,2002,Hulu,,
Contracted: Phase II,2015,Hulu,,
Control Room,2004,Hulu,,
Cover Versions,2018,Hulu,,
Crank: High Voltage,2009,Hulu,,
Crash Pad,2017,Hulu,,
Crazy About Tiffany's,2016,Hulu,,
Crazy for Christmas,2005,Hulu,,
Crime + Punishment,2018,Hulu,,
Crimes of Fashion,2004,Hulu,,
Cropsey,2009,Hulu,,
Cruise,2018,Hulu,,
Cujo,1983,Hulu,,
Curious George 3: Back to the Jungle,2015,Hulu,,
Curious George: A Halloween Boo Fest,2013,Hulu,,
Curious George: A Very Monkey Christmas,2009,Hulu,,
Curious George Swings Into Spring,2013,Hulu,,
Curse of the Witch's Doll,2018,Hulu,,
Curvature,2017,Hulu,,
Cute Little Buggers,2017,Hulu,,
Cyberbully,2011,Hulu,,
Daddy's Home 2,2017,Hulu,,
Damascus Cover,2018,Hulu,,
Damsel,2018,Hulu,,
Dancer,2016,Hulu,,
Dancing in Jaffa,2013,Hulu,,
Daphne & Velma,2018,Hulu,,
Dark Blue,2002,Hulu,,
Dark Forces: Shadow People,2018,Hulu,,
Dark Was the Night,2014,Hulu,,
Dating My Mother,2017,Hulu,,
Dave Made a Maze,2017,Hulu,,
Daybreakers,2009,Hulu,,
Daylight's End,2016,Hulu,,
Dazed and Confused,1993,Hulu,,
Deadfall,2012,Hulu,,
Deadly Daycare,2014,Hulu,,
Deadly Lessons,2006,Hulu,,
Deadly Sibling Rivalry,2011,Hulu,,
Dealin' with Idiots,2013,Hulu,,
Dealt,2017,Hulu,,
Dear Santa,2011,Hulu,,
Deck the Halls,2005,Hulu,,
Deep Blue Sea,1999,Hulu,,
Deep in the Wood,2015,Hulu,,
Deep Water,2006,Hulu,,
Defective,2017,Hulu,,
Déjà Vu,2006,Hulu,,
De-Lovely,2004,Hulu,,
Delta Farce,2007,Hulu,,
Dementia,2015,Hulu,,
Departure,2016,Hulu,,
Desolation,2017,Hulu,2017.0,Netflix
Destiny Turns on the Radio,1995,Hulu,,
Detroit,2017,Hulu,,
Devil's Gate,2017,Hulu,,
Dheepan,2015,Hulu,,
Dial a Prayer,2015,Hulu,,
Digging Up the Marrow,2015,Hulu,,
Diminished Capacity,2008,Hulu,,
Dina,2017,Hulu,,
Dirty Pretty Things,2002,Hulu,,
Dirty Wars,2013,Hulu,,
Disaster Movie,2008,Hulu,,
Disorder,2015,Hulu,,
District B13,2004,Hulu,,
Dive Olly Dive And The Octopus Rescue,2016,Hulu,,
D.L. Hughley: Reset,2012,Hulu,,
Dog Days,2018,Hulu,,
Dogs on the Inside,2014,Hulu,,
Do I Sound Gay?,2014,Hulu,,
Don't Be Bad,2015,Hulu,,
Don't Blink,2014,Hulu,,
Double Team,1997,Hulu,,
Downsizing,2017,Hulu,,
Do You Take This Man,2017,Hulu,,
Dracula 2000,2000,Hulu,,
Dragon Age: Dawn of the Seeker,2012,Hulu,,
Dr. Dolittle: Million Dollar Mutts,2009,Hulu,,
Dream House Nightmare,2017,Hulu,,
Dream the Impossible,2017,Hulu,,
Dressed to Kill,1980,Hulu,,
Drinking Buddies,2013,Hulu,,
Drinksgiving,2018,Hulu,,
Dr. No,1962,Hulu,,
Dr. Seuss on the Loose,1973,Hulu,,
Drunk Wedding,2015,Hulu,,
Dumb: The Story of Big Brother Magazine,2017,Hulu,,
Dust 2 Glory,2017,Hulu,,
East Is East,1999,Hulu,,
Eat With Me,2014,Hulu,,
Eddie Griffin: DysFunktional Family,2003,Hulu,,
Edwin Boyd: Citizen Gangster,2011,Hulu,,
Elaine Stritch: Shoot Me,2013,Hulu,,
Elf on the Run,2017,Hulu,,
"Elvira, Mistress of the Dark",1988,Hulu,,
Embrace of the Serpent,2015,Hulu,,
End of a Gun,2016,Hulu,,
England Is Mine,2017,Hulu,,
Equilibrium,2002,Hulu,,
Escape from Alcatraz,1979,Hulu,,
Escape from Mr. Lemoncello's Library,2017,Hulu,,
EuroClub,2016,Hulu,,
Europa Report,2013,Hulu,,
EuroTrump,2017,Hulu,,
Evangeline,2013,Hulu,,
Everlasting Moments,2008,Hulu,,
Every Other Holiday,2018,Hulu,,
Everything Beautiful Is Far Away,2017,Hulu,,
Eve's Christmas,2004,Hulu,,
Evil Bong 777,2018,Hulu,,
Exeter,2015,Hulu,,
eXistenZ,1999,Hulu,,
Experimenter,2015,Hulu,,
Exposed,2016,Hulu,,
Extraction,2015,Hulu,,
Faces in the Crowd,2011,Hulu,,
Factotum,2005,Hulu,,
Fafner in the Azure: Dead Aggressor - Heaven and Earth,2010,Hulu,,
Fairy Tail the Movie: Phoenix Priestess,2012,Hulu,,
Fallen,2016,Hulu,,
Fallen,2006,Hulu,,
Fame,2009,Hulu,,
Family Law,2006,Hulu,,
Fan Girl,2015,Hulu,,
Fantasia 2000,1999,Hulu,,
Fathers and Daughters,2015,Hulu,,
"Fear, INC",2013,Hulu,,
Fences,2016,Hulu,,
Feral,2018,Hulu,,
Field of Dreams,1989,Hulu,,
Fifteen and Pregnant,1998,Hulu,,
Filth,2013,Hulu,,
Finding Kim,2016,Hulu,,
Finding Neverland,2004,Hulu,,
Find Me,2014,Hulu,,
Firstborn,1984,Hulu,,
First Girl I Loved,2016,Hulu,,
Fishbowl California,2018,Hulu,,
Five Dances,2013,Hulu,,
Flawless,2007,Hulu,,
Flesh + Blood,1985,Hulu,,
Flight 666,2018,Hulu,,
Flight 7500,2014,Hulu,,
Flight of the Red Balloon,2007,Hulu,,
Flock of Dudes,2015,Hulu,,
Florence Foster Jenkins,2016,Hulu,,
Flowers in the Attic,2014,Hulu,,
Flyboys,2006,Hulu,,
Fly Me to the Moon,2008,Hulu,,
Folk Hero & Funny Guy,2016,Hulu,,
Food Evolution,2019,Hulu,,
"Food, Inc.",2008,Hulu,,
For a Few Dollars More,1965,Hulu,,
Forces of Nature,1999,Hulu,,
For Colored Girls,2010,Hulu,,
Forever My Girl,2018,Hulu,,
Forgive-Don't Forget,2018,Hulu,,
For Your Eyes Only,1981,Hulu,,
Four Lions,2010,Hulu,,
Four Lovers,2010,Hulu,,
Four Weddings and a Funeral,1994,Hulu,,
Frackman,2015,Hulu,,
Frank,2014,Hulu,,
Frank Serpico,2017,Hulu,,
Freakonomics,2010,Hulu,,
Freak Show,2018,Hulu,,
Freedomland,2006,Hulu,,
Free Fall,2014,Hulu,,
Free Fall,2013,Hulu,,
Free to Run,2016,Hulu,,
Friday Night Lights,2004,Hulu,,
Friends Forever,2001,Hulu,,
From Paris with Love,2010,Hulu,,
From Russia with Love,1963,Hulu,,
From the Ashes,2017,Hulu,,
Froning: The Fittest Man In History,2015,Hulu,,
Frontera,2014,Hulu,,
Future Baby,2016,Hulu,,
Fyre Fraud,2019,Hulu,,
Gamer,2009,Hulu,,
Gangs of New York,2002,Hulu,,
Garden of Stars,2016,Hulu,,
Gargoyle,2004,Hulu,,
Gary Owen: I Agree With Myself,2015,Hulu,,
G.B.F.,2013,Hulu,2013.0,Netflix
Gemini,2018,Hulu,2018.0,Netflix
Generation Iron,2013,Hulu,,
Gentlemen Prefer Blondes,1953,Hulu,,
Ghost Stories,2018,Hulu,,
G.I. Joe: The Rise of Cobra,2009,Hulu,,
Gilbert,2017,Hulu,,
Gilbert Gottfried: Dirty Jokes,2005,Hulu,,
Gimme Shelter,2013,Hulu,,
Gimme the Loot,2012,Hulu,,
Gintama,2017,Hulu,,
Girlfriends of Christmas Past,2016,Hulu,,
Girl in Progress,2012,Hulu,,
Girl in the Bunker,2018,Hulu,,
Girls Just Want to Have Fun,1985,Hulu,,
Glen Campbell: I'll Be Me,2014,Hulu,,
Gloria,2013,Hulu,,
Glory Road,2006,Hulu,,
Godspeed,2016,Hulu,,
GoldenEye,1995,Hulu,,
Golden Winter,2012,Hulu,,
Go North,2017,Hulu,,
Goodbye First Love,2011,Hulu,,
Good Ol' Freda,2013,Hulu,,
Good Time Max,2008,Hulu,,
Goon,2012,Hulu,2011.0,Netflix
Go Tigers!,2001,Hulu,,
Grabbers,2012,Hulu,,
Grace Jones: Bloodlight and Bami,2017,Hulu,,
Grace Unplugged,2013,Hulu,,
Grand Piano,2013,Hulu,,
Grave of the Fireflies,1988,Hulu,,
Graveyard Shift,1990,Hulu,,
Greater,2016,Hulu,,
Gremlin,2017,Hulu,,
Grizzly Man,2005,Hulu,,
Gunnin' for That #1 Spot,2008,Hulu,,
Habit,2017,Hulu,,
Hairspray,1988,Hulu,2007.0,Netflix
Half Magic,2018,Hulu,,
Half-Shell Heroes: Blast to the Past,2015,Hulu,,
Halloween Pussy Trap Kill! Kill!,2017,Hulu,,
Halloween: Resurrection,2002,Hulu,,
Halo 4: Forward Unto Dawn,2012,Hulu,,
Hammer of the Gods,2013,Hulu,,
Hannie Caulder,1971,Hulu,,
Happily N'Ever After,2006,Hulu,,
Happily N'Ever After 2,2009,Hulu,,
Happy Accidents,2000,Hulu,,
Happy Christmas,2014,Hulu,,
Happy End,1999,Hulu,,
Happy End?!,2015,Hulu,,
Happy Here and Now,2002,Hulu,,
Harry Brown,2009,Hulu,,
"Haunted, Horrifying Sounds from Beyond the Grave",2018,Hulu,,
Haunting of Cellblock 11,2014,Hulu,,
Heartbeats,2010,Hulu,,
Heartland,2016,Hulu,,
Hearts Beat Loud,2018,Hulu,,
Heathers,1989,Hulu,1989.0,Netflix
He Got Game,1998,Hulu,,
Hellbound: Hellraiser II,1988,Hulu,,
Hellboy II: The Golden Army,2008,Hulu,,
Hello I Must Be Going,2012,Hulu,,
"Hello Sister, Goodbye Life",2006,Hulu,,
Hellraiser,1987,Hulu,,
Here Comes the Night,2013,Hulu,,
Here to be Heard: The Story of the Slits,2018,Hulu,,
Hesher,2010,Hulu,,
Higher Power,2018,Hulu,,
Highlander,1986,Hulu,,
High Strung,2016,Hulu,,
His and Her Christmas,2005,Hulu,,
Hitman's Run,1999,Hulu,,
Holiday in Handcuffs,2007,Hulu,,
Hollow in the Land,2017,Hulu,,
Holly's Holiday,2012,Hulu,,
Home By Christmas,2006,Hulu,,
Home for the Holidays,2005,Hulu,,
Honeymoon,2014,Hulu,,
Hoosiers,1986,Hulu,,
Hot Pursuit,1987,Hulu,,
Hot Tub Time Machine,2010,Hulu,,
Hounds of Love,2016,Hulu,,
Hours,2013,Hulu,,
How I Live Now,2013,Hulu,,
Howl,2010,Hulu,,
How to Be a Latin Lover,2017,Hulu,,
How to Deal,2003,Hulu,,
How to Follow Strangers,2013,Hulu,,
How to Get Girls,2017,Hulu,,
Humpday,2009,Hulu,,
Hungry for Change,2012,Hulu,,
Hungry Hearts,2015,Hulu,,
Hunt for the Labyrinth Killer,2013,Hulu,,
Hunt for the Wilderpeople,2016,Hulu,,
I Am Alone,2015,Hulu,,
I Am a Teacher,2017,Hulu,,
I Am David,2003,Hulu,,
I Am Divine,2013,Hulu,,
I Am Love,2009,Hulu,,
I Am Not a Serial Killer,2016,Hulu,,
Ibiza Undead,2016,Hulu,,
I Can Do Bad All By Myself,2009,Hulu,,
I Give It a Year,2013,Hulu,,
I Kill Giants,2018,Hulu,,
I Know a Woman Like That,2009,Hulu,,
I'll Come Running,2008,Hulu,,
Ill Manors,2012,Hulu,,
I Love You Both,2017,Hulu,,
Imagine That,2009,Hulu,,
I'm Gonna Explode,2008,Hulu,,
In a Relationship,2018,Hulu,,
In a World...,2013,Hulu,,
In Country,2015,Hulu,,
Ingrid Goes West,2017,Hulu,,
In Love with Alma Cogan,2011,Hulu,,
Inside,2017,Hulu,,
Inside Out,2011,Hulu,,
Intermission,2003,Hulu,,
In the Fade,2017,Hulu,,
In the Radiant City,2016,Hulu,,
Into the Dark: Pooka!,2018,Hulu,,
Into the Night: Portraits of Life and Death,2017,Hulu,,
Into the West,1992,Hulu,,
Iris,2014,Hulu,,
Iron Man 2,2010,Hulu,,
Iron Protector,2016,Hulu,,
I Saw the Devil,2010,Hulu,,
Island Earth,2016,Hulu,,
Ismael's Ghosts,2017,Hulu,,
I.T.,2016,Hulu,,
Italian for Beginners,2000,Hulu,,
It Came from the Desert,2017,Hulu,,
It Happened in L.A.,2017,Hulu,,
"I, Tonya",2017,Hulu,,
It's a Disaster,2013,Hulu,,
It's a Free World...,2007,Hulu,,
"It's Christmastime Again, Charlie Brown",1992,Hulu,,
It's Us,2016,Hulu,,
Jack Reacher: Never Go Back,2016,Hulu,,
Jaco,2014,Hulu,,
Jake's Buccaneer Blast,2014,Hulu,2014.0,Netflix
Jane,2017,Hulu,,
Janis: Little Girl Blue,2015,Hulu,,
Janoskians: Untold and Untrue,2015,Hulu,,
"Jeff, Who Lives at Home",2011,Hulu,,
Jigsaw,2017,Hulu,,
Jingle Bell Rocks!,2013,Hulu,,
Jinxed,2013,Hulu,,
Jiro Dreams of Sushi,2011,Hulu,2011.0,Netflix
Joe,2014,Hulu,,
Joe Strummer: The Future Is Unwritten,2007,Hulu,,
Joey,1997,Hulu,,
John Dies at the End,2012,Hulu,,
Johnny Guitar,1954,Hulu,,
Johnny Reno,1966,Hulu,,
Jonah: The Musical,2017,Hulu,,
Jonathan,2016,Hulu,,
Joshy,2016,Hulu,,
Josie,2018,Hulu,,
Journey to the End of the Night,2006,Hulu,,
Journey to the West,2014,Hulu,,
Journey to the West: Conquering the Demons,2013,Hulu,,
Julian Schnabel: A Private Portrait,2017,Hulu,,
Jurassic School,2017,Hulu,2017.0,Netflix
Just Charlie,2017,Hulu,,
Justice League Dark,2017,Hulu,,
Justice League: War,2014,Hulu,,
K2,1991,Hulu,,
Kaboom,2010,Hulu,,
Kampai! For the Love of Sake,2015,Hulu,,
Kassim the Dream,2009,Hulu,,
Keepers of the Magic,2018,Hulu,,
Kept Boy,2017,Hulu,,
Kick-Ass,2010,Hulu,,
Kickboxer,1989,Hulu,,
Kidnap,2017,Hulu,2008.0,Netflix
Kiki,2017,Hulu,,
Kill Another Day,2017,Hulu,,
Killer Bees,2018,Hulu,,
Killer Legends,2014,Hulu,2014.0,Netflix
Killers,2010,Hulu,,
Killing the Colorado,2016,Hulu,,
Kill Order,2017,Hulu,,
King Georges,2015,Hulu,,
King of California,2007,Hulu,,
King of Shadows,2011,Hulu,,
King of the Mountain,1981,Hulu,,
Kingpin,1996,Hulu,,
Kiss of the Damned,2012,Hulu,,
Kiss of the Dragon,2001,Hulu,,
K: Missing Kings,2014,Hulu,,
Knights of the Damned,2017,Hulu,,
Krampus Unleashed,2016,Hulu,,
Kusama: Infinity,2018,Hulu,,
L'Amour Fou,2010,Hulu,,
Lane 1974,2017,Hulu,,
La Primera Primavera de Jorge,2014,Hulu,,
Lara Croft: Tomb Raider,2001,Hulu,,
Larger than Life: The Kevyn Aucoin Story,2017,Hulu,,
Lars and the Real Girl,2007,Hulu,,
Last Days Here,2011,Hulu,,
Last Flight,2014,Hulu,,
Last Knights,2015,Hulu,,
Last Supper,2014,Hulu,,
Leaning Into the Wind: Andy Goldsworthy,2018,Hulu,,
Leaving Las Vegas,1995,Hulu,,
Leftovers,2017,Hulu,,
Legendary,2010,Hulu,2010.0,Netflix
Legendary,2010,Hulu,2013.0,Netflix
Legend of Heroes: Trails in the Sky,2011,Hulu,,
Legends of the Hidden Temple,2016,Hulu,,
Legion of Brothers,2017,Hulu,,
LEGO: City,2011,Hulu,,
Lego DC Comics Super Heroes: Justice League – Attack of the Legion of Doom!,2015,Hulu,,
LEGO DC Comics Super Heroes: Justice League vs. Bizarro League,2015,Hulu,,
LEGO Jurassic World: The Indominus Escape,2016,Hulu,2016.0,Netflix
LEGO Ninjago: Masters of Spinjitzu: Way of the Ninja,2011,Hulu,,
Lemon,2017,Hulu,,
Le Ride,2016,Hulu,,
Less is More: How to be Happy with Nothing,2013,Hulu,,
Lethal Weapon,1987,Hulu,,
Lethal Weapon 2,1989,Hulu,,
Lethal Weapon 3,1992,Hulu,,
Lethal Weapon 4,1998,Hulu,,
Let's Be Evil,2016,Hulu,,
Let the Right One In,2008,Hulu,,
Let the Sunshine In,2017,Hulu,,
Lewis Black: Old Yeller - Live at the Borgata,2013,Hulu,,
"Liar, Liar, Vampire",2015,Hulu,,
Liberal Arts,2012,Hulu,,
Licence to Kill,1989,Hulu,,
Life After: Chernobyl,2016,Hulu,,
Life Itself,2014,Hulu,,
Life of Crime,2013,Hulu,,
Life on the Line,2015,Hulu,,
Life Partners,2014,Hulu,,
Lippy,2018,Hulu,,
"Literally, Right Before Aaron",2017,Hulu,,
Little Black Book,2004,Hulu,,
Little Man Tate,1991,Hulu,,
Little Miss Sunshine,2006,Hulu,,
Living by the Gun,2014,Hulu,,
Living On Soul,2017,Hulu,,
LOL,2012,Hulu,,
Long Shot: The Kevin Laue Story,2012,Hulu,,
Looking for Eric,2009,Hulu,,
Look to the Sky,2017,Hulu,,
Lord of War,2005,Hulu,,
Lost And Found,2007,Hulu,,
Lost in London,2017,Hulu,,
Lost in Vagueness,2017,Hulu,,
Love After Love,2018,Hulu,,
"Love, Gilda",2018,Hulu,,
Love Is Thicker Than Water,2017,Hulu,,
Love or Whatever,2012,Hulu,,
Love & Saucers,2017,Hulu,,
Lovestruck: The Musical,2013,Hulu,,
Loving Vincent,2017,Hulu,,
Low Down,2014,Hulu,,
Lowlife,2017,Hulu,,
Lucky,2017,Hulu,,
Lucky Them,2013,Hulu,2013.0,Netflix
Luis and the Aliens,2018,Hulu,,
Mad Detective,2007,Hulu,,
Mad to Be Normal,2017,Hulu,,
Making Plans for Lena,2009,Hulu,,
Malena,2000,Hulu,,
Ma Ma,2015,Hulu,,
Manderlay,2005,Hulu,,
Man Down,2016,Hulu,,
Man-Eating Python,2017,Hulu,,
Manhattan Night,2016,Hulu,,
Manic,2001,Hulu,,
Mansfield Park,1999,Hulu,,
Map of the Human Heart,1993,Hulu,,
Marathon Man,1976,Hulu,,
March of the Penguins 2,2017,Hulu,,
Marguerite & Julien,2015,Hulu,,
Married by Christmas,2016,Hulu,,
Marrowbone,2017,Hulu,,
Mass Effect: Paragon Lost,2012,Hulu,,
Matt Shepard Is a Friend of Mine,2014,Hulu,,
Max 2: White House Hero,2017,Hulu,,
Maximum Security,1997,Hulu,,
Me and You and Everyone We Know,2005,Hulu,,
Measure of a Man,2018,Hulu,,
Meek's Cutoff,2010,Hulu,,
Melancholia,2011,Hulu,,
Message in a Bottle,1999,Hulu,,
Metro,1997,Hulu,2016.0,Netflix
"Michael Jackson: Life, Death and Legacy",2012,Hulu,,
Middle of Nowhere,2008,Hulu,,
Midnighters,2018,Hulu,,
Minding the Gap,2018,Hulu,,
Mindscape,2013,Hulu,,
Minecraft: Through the Nether Portal,2017,Hulu,,
Miracle on 34th Street,1994,Hulu,,
Missing 411,2017,Hulu,,
Mission Park,2013,Hulu,,
Mississippi Burning,1988,Hulu,,
Mister Lonely,2008,Hulu,,
Mom and Dad,2018,Hulu,,
Mom and Me,2015,Hulu,,
Monkey Business: The Adventures of Curious George's Creators,2017,Hulu,,
Monkey King: Hero Is Back,2015,Hulu,,
Monochrome,2016,Hulu,,
Monogamy,2010,Hulu,,
Monsters,2010,Hulu,,
Monster Trucks,2016,Hulu,,
Moonraker,1979,Hulu,,
Moonstruck,1987,Hulu,,
More Barney songs,1999,Hulu,,
More than a Game,2008,Hulu,,
Mortal Kombat,1995,Hulu,,
Mortal Kombat: Annihilation,1997,Hulu,,
Mosquito,2017,Hulu,,
Most Likely to Murder,2018,Hulu,,
mother!,2017,Hulu,,
Mother Krampus,2017,Hulu,,
Mr. Frog,2016,Hulu,,
Mrs. Dalloway,1997,Hulu,,
Mud,2013,Hulu,,
Mulholland Falls,1996,Hulu,,
My Bakery in Brooklyn,2016,Hulu,,
My Best Enemy,2011,Hulu,,
My Best Friend,2016,Hulu,,
My Dad Is Scrooge,2014,Hulu,,
My Dead Boyfriend,2016,Hulu,,
My Fake Fiance,2009,Hulu,,
My Future Boyfriend,2011,Hulu,,
My Little Pony: The Movie,2017,Hulu,,
My Little Sister,2016,Hulu,,
My Piece of the Pie,2011,Hulu,,
My Santa,2013,Hulu,,
Mystic Pizza,1988,Hulu,,
Narcopolis,2015,Hulu,,
Natural Vice,2017,Hulu,,
Naughty & Nice,2014,Hulu,,
Neat: The Story of Bourbon,2018,Hulu,,
"New Year, New You",2017,Hulu,,
New York Minute,2004,Hulu,,
Next,2007,Hulu,,
Next Day Air,2009,Hulu,,
Nick and Norah's Infinite Playlist,2008,Hulu,,
"Nico, 1988",2017,Hulu,,
Nina,2016,Hulu,,
Nine to Five,1980,Hulu,,
Ninja Scroll,1993,Hulu,,
Nobody's Baby,2001,Hulu,,
Nobody Walks,2012,Hulu,,
No Game No Life: Zero,2017,Hulu,,
No Greater Love,2017,Hulu,,
No Holds Barred,1989,Hulu,,
No Place on Earth,2012,Hulu,,
Nothing Like the Holidays,2008,Hulu,,
October Country,2009,Hulu,,
October Gale,2014,Hulu,,
Oddbods: Party Monsters,2018,Hulu,2018.0,Netflix
Oddbods: The Festive Menace,2017,Hulu,2018.0,Netflix
Oddbods: Zee Force Five,2017,Hulu,,
Odd Thomas,2013,Hulu,,
Off Label,2013,Hulu,,
Offshore Incorporated,2015,Hulu,,
Oh Lucy!,2018,Hulu,,
Once Bitten,1985,Hulu,,
Once Upon a Time,2017,Hulu,,
Once Upon a Time in Venice,2017,Hulu,,
One Crazy Cruise,2015,Hulu,,
Ong Bak 2,2008,Hulu,,
Ong Bak 3,2010,Hulu,,
Ong Bak: Muay Thai Warrior,2003,Hulu,,
On Her Majesty's Secret Service,1969,Hulu,,
On The Court,2017,Hulu,,
Operation Dunkirk,2017,Hulu,,
Ouija Summoning,2016,Hulu,,
Out of the Dark,2014,Hulu,,
Overdrive,2017,Hulu,,
Ozzy,2016,Hulu,,
Page One: Inside the New York Times,2011,Hulu,,
Paid in Full,2002,Hulu,,
"Pancho, el perro millonario",2014,Hulu,,
Paranormal Activity,2009,Hulu,,
Paris 05:59: Théo & Hugo,2016,Hulu,,
"Paris, Je T'Aime",2006,Hulu,,
Passage to Mars,2016,Hulu,,
Patch Adams,1998,Hulu,,
Peace Officer,2015,Hulu,,
Peelers,2016,Hulu,,
Peep World,2010,Hulu,,
Penelope,2006,Hulu,,
Penumbra,2012,Hulu,,
People That Are Not Me,2016,Hulu,,
Perfect Bid: The Contestant Who Knew Too Much,2017,Hulu,,
Perfect Sense,2011,Hulu,,
Periods.,2014,Hulu,,
Permanent,2014,Hulu,,
Permanent,2017,Hulu,,
Perrier's Bounty,2009,Hulu,,
Person to Person,2014,Hulu,,
Petals on the Wind,2014,Hulu,,
Pet Sematary,1989,Hulu,,
Pet Sematary II,1992,Hulu,,
Phantoms,1998,Hulu,,
Phoenix Forgotten,2017,Hulu,,
Pick of the Litter,2019,Hulu,,
Pilgrimage,2017,Hulu,,
Pitching Tents,2017,Hulu,,
Pixi Saves Christmas,2018,Hulu,,
Pizza My Heart,2005,Hulu,,
Playin' for Love,2015,Hulu,,
Please Stand By,2018,Hulu,,
Pocket Listing,2016,Hulu,,
Pokémon the Movie Black: Victini and Reshiram,2011,Hulu,,
Pokémon the Movie: Genesect and the Legend Awakened,2013,Hulu,,
Pokémon the Movie: Kyurem vs. the Sword of Justice,2012,Hulu,,
Pokémon the Movie White: Victini and Zekrom,2011,Hulu,,
Police Story 3: Supercop,1992,Hulu,,
Polina,2016,Hulu,,
Polisse,2011,Hulu,,
Polytechnique,2009,Hulu,,
Pony Express,1953,Hulu,,
Power Rangers,2017,Hulu,,
Pray for Rain,2017,Hulu,,
Precious,2009,Hulu,,
Priceless,2016,Hulu,,
Prince Avalanche,2013,Hulu,,
Princess,2008,Hulu,,
Princess and the Pony,2011,Hulu,,
Prisoner X,2016,Hulu,,
Prison Girls,1972,Hulu,,
Private Fears in Public Places,2006,Hulu,,
Professor Marston and the Wonder Women,2017,Hulu,,
Project Eden: Vol. I,2017,Hulu,,
Promised Land,1987,Hulu,2012.0,Netflix
Proxy,2013,Hulu,,
Pudsey the Dog: The Movie,2014,Hulu,,
PVC-1,2007,Hulu,,
Pyewacket,2017,Hulu,,
Rabid Dogs,2015,Hulu,,
Racer and the Jailbird,2017,Hulu,,
Racing Extinction,2015,Hulu,,
Radio Days,1987,Hulu,,
Ragnarok,2013,Hulu,,
Rags,2012,Hulu,,
Rain Man,1988,Hulu,,
"Rancher, Farmer, Fisherman",2017,Hulu,,
Random Tropical Paradise,2017,Hulu,,
Rare Exports: A Christmas Tale,2010,Hulu,,
Raze,2013,Hulu,,
RBG,2018,Hulu,,
Rebirth,2011,Hulu,,
Recovery,2016,Hulu,,
Red Riding: In the Year of Our Lord 1974,2009,Hulu,,
Red Riding: In the Year of Our Lord 1983,2009,Hulu,,
Regular Show: The Movie,2015,Hulu,,
Renoir,2012,Hulu,,
Rent,2005,Hulu,,
Requiem for a Dream,2000,Hulu,,
Rescue Dawn,2006,Hulu,,
Respectable: The Mary Millington Story,2016,Hulu,,
Results,2015,Hulu,2015.0,Netflix
Revenge of the Bridesmaids,2010,Hulu,,
Revolutionary Road,2008,Hulu,,
Ricky,2009,Hulu,,
Ride,1998,Hulu,,
Right at Your Door,2006,Hulu,,
Righteous Kill,2008,Hulu,,
Rings,2017,Hulu,,
Rites of Spring,2011,Hulu,,
River of Grass,1995,Hulu,,
Road Games,2016,Hulu,,
Robin Hood: Prince of Thieves,1991,Hulu,,
Robo-Dog,2015,Hulu,,
RoboGeisha,2009,Hulu,,
Robot World,2015,Hulu,,
Rob Roy,1995,Hulu,,
Rodeo and Juliet,2015,Hulu,,
Rogue Trader,1999,Hulu,,
Romy and Michele's High School Reunion,1997,Hulu,,
Ron White: A Little Unprofessional,2012,Hulu,,
Roseanne for President!,2015,Hulu,,
Rosy,2018,Hulu,,
Rufus,2016,Hulu,,
Rufus 2,2017,Hulu,,
Rugrats: Tales from the Crib: Snow White,2005,Hulu,,
Rugrats: Tales from the Crib: Three Jacks & A Beanstalk,2006,Hulu,,
Running Wild,2017,Hulu,2006.0,Netflix
Run the Tide,2016,Hulu,,
Rushlights,2013,Hulu,,
Sabrina,1995,Hulu,,
"Sabrina, Down Under",1999,Hulu,,
Sacrifice,2016,Hulu,,
Sahara,2005,Hulu,,
Saint,2010,Hulu,,
Sami Blood,2016,Hulu,,
Sanctuary,2017,Hulu,,
Santa Baby 2,2009,Hulu,,
Santa Hunters,2014,Hulu,,
Santa's Boot Camp,2016,Hulu,,
Saving Christmas,2014,Hulu,,
Say You Will,2017,Hulu,,
Scenic Route,2013,Hulu,,
Scent of a Woman,1992,Hulu,,
School Life,2016,Hulu,,
Score: A Film Music Documentary,2017,Hulu,,
Second Chance Christmas,2017,Hulu,,
Serena,2014,Hulu,,
Serendipity,2001,Hulu,,
Shadows & Lies,2010,Hulu,,
Shark Dive,2015,Hulu,,
Sharp Edges,1986,Hulu,,
Shattered!,2008,Hulu,,
Sheep & Wolves,2016,Hulu,,
Shelley,2016,Hulu,,
Sherlock Gnomes,2018,Hulu,,
Sherpa,2015,Hulu,,
Shirley Valentine,1989,Hulu,,
Shrek,2001,Hulu,,
Shutter Island,2010,Hulu,,
Shut Up and Play the Hits,2012,Hulu,,
Sidewalls,2011,Hulu,,
Sideways,2004,Hulu,,
Sid the Science Kid: The Movie,2013,Hulu,,
Sightseers,2012,Hulu,,
Silence,2016,Hulu,,
Silent Tongue,1993,Hulu,,
Silver Bullet,1985,Hulu,,
Simon Killer,2012,Hulu,,
Sinbad: Beyond the Veil of Mists,2000,Hulu,,
Sing and Dance with Barney,1999,Hulu,,
Skate Kitchen,2018,Hulu,,
Skipped Parts,2000,Hulu,,
Sleepover,2004,Hulu,,
Sliver,1993,Hulu,,
Slumber,2017,Hulu,,
Smoke Signals,1998,Hulu,,
Smoking Guns,2016,Hulu,,
Smother,2008,Hulu,,
Snervous Tyler Oakley,2015,Hulu,,
"Snoopy, Come Home",1972,Hulu,,
Snow 2: Brain Freeze,2013,Hulu,,
"Snowflake, the White Gorilla",2011,Hulu,,
Snowglobe,2007,Hulu,,
So B. It,2016,Hulu,,
Solace,2015,Hulu,,
Soldiers Of The Damned,2017,Hulu,,
Something in the Air,2012,Hulu,,
Songbird,2018,Hulu,,
Sordid Lives,2000,Hulu,,
Sorry to Bother You,2018,Hulu,,
So This Is Christmas,2013,Hulu,,
Soul of a Banquet,2014,Hulu,,
Soul on a String,2016,Hulu,,
Southbound,2015,Hulu,,
Space Jam,1996,Hulu,,
Spiderwebhouse,2015,Hulu,,
Spinning Man,2018,Hulu,,
Splinter,2008,Hulu,,
Splitting Adam,2015,Hulu,,
Spring Broke,2016,Hulu,,
Spy Game,2001,Hulu,,
Stand Up Guys,2013,Hulu,,
Status Update,2018,Hulu,,
Stella's Last Weekend,2018,Hulu,,
Step Dogs,2013,Hulu,,
Still Mine,2012,Hulu,,
Stone,2010,Hulu,,
Strad Style,2017,Hulu,,
Stranger than Fiction,2000,Hulu,,
Stray Bullets,2017,Hulu,,
Stronger,2017,Hulu,,
Suburbicon,2017,Hulu,,
Suicide Squad: Hell to Pay,2018,Hulu,,
Super,2010,Hulu,,
Support the Girls,2018,Hulu,,
Surf's Up,2007,Hulu,,
Surf's Up 2 - Wave Mania,2017,Hulu,,
Survival of the Dead,2010,Hulu,,
Sweeney Todd: The Demon Barber of Fleet Street,2007,Hulu,,
Swindle,2013,Hulu,,
Switchback,1997,Hulu,,
Sword Art Online: The Movie - Ordinal Scale,2017,Hulu,,
Sword of Vengeance,2014,Hulu,,
Tabloid,2010,Hulu,,
Tadpole,2002,Hulu,,
Take Every Wave: The Life of Laird Hamilton,2018,Hulu,,
Take My Nose... Please!,2017,Hulu,,
Tales of the Grim Sleeper,2014,Hulu,,
Tangerine,2015,Hulu,,
Tangerines,2013,Hulu,,
Teaching Mrs. Tingle,1999,Hulu,,
Teen Spirit,2011,Hulu,,
Teen Titans: The Judas Contract,2017,Hulu,,
Telescope,2016,Hulu,,
Tell Them Anything You Want: A Portrait of Maurice Sendak,2009,Hulu,,
Teresa's Tattoo,1994,Hulu,,
Terminal,2018,Hulu,,
Terminator 2: Judgment Day,1991,Hulu,,
Test,2013,Hulu,,
Tetsuo: The Bullet Man,2009,Hulu,,
Thanks for Sharing,2012,Hulu,,
Thank You for Your Service,2016,Hulu,,
That Summer,2017,Hulu,,
The 12th Man,2017,Hulu,,
The 13th Friday,2017,Hulu,,
The 60 Yard Line,2017,Hulu,,
The ABCs of Death,2013,Hulu,,
The Absent One,2014,Hulu,,
The Accused,1988,Hulu,,
"The Adventures of Priscilla, Queen of the Desert",1994,Hulu,,
The Age of Reason,2014,Hulu,,
The Alchemist Cookbook,2016,Hulu,,
The Amazing Ape,2017,Hulu,,
The Animal,2001,Hulu,,
The Archer,2017,Hulu,,
The Aura,2005,Hulu,,
The Babymoon,2017,Hulu,,
The Ballad of Jack and Rose,2005,Hulu,,
The Baxter,2005,Hulu,,
The Beatles: Eight Days a Week - The Touring Years,2016,Hulu,,
The Beatles: Made on Merseyside,2018,Hulu,,
The Best of Barney,2008,Hulu,,
The Best Offer,2013,Hulu,,
The Best of It,2016,Hulu,,
The Big Lebowski,1998,Hulu,,
The Birder,2014,Hulu,,
The Black Stallion,1979,Hulu,,
The Blue Room,2014,Hulu,,
The Bounty,1984,Hulu,,
The Bourne Ultimatum,2007,Hulu,,
The Boy Who Cried Werewolf,2010,Hulu,,
The Brady Bunch Movie,1995,Hulu,,
The Cage Fighter,2017,Hulu,,
The Canal,2014,Hulu,,
The Cat in the Hat,1971,Hulu,,
The Challenge,2016,Hulu,,
The Chaperone,2011,Hulu,2011.0,Netflix
The Chaser,2008,Hulu,,
The China Hustle,2018,Hulu,,
The Christmas Calendar,2017,Hulu,,
The Ciambra,2017,Hulu,,
The Circle,2014,Hulu,,
The Cleanse,2018,Hulu,,
The Clintons: An American Odyssey,2012,Hulu,,
The Collector,2009,Hulu,,
The Colony,2013,Hulu,,
The Commune,2016,Hulu,,
The Commuter,2018,Hulu,,
The Confessions,2017,Hulu,,
The Con Is On,2018,Hulu,,
The Coolest Guy Movie Ever: The Return to the Scene of The Great Escape,2018,Hulu,,
The Damned (2013),2014,Hulu,,
The Dark Side of The Sun,2017,Hulu,,
The Dead Zone,1983,Hulu,,
The Den,2013,Hulu,,
The Devil Inside,2012,Hulu,,
The Devil's Doorway,2018,Hulu,,
The Disappearance of Alice Creed,2009,Hulu,,
The Double,2014,Hulu,,
The Duchess of Langeais,2007,Hulu,,
The Duke of Burgundy,2014,Hulu,,
The Eagle and the Hawk,1950,Hulu,,
The Escape,2018,Hulu,,
The Escort,2016,Hulu,,
The Evil in Us,2016,Hulu,,
The Exorcist,1973,Hulu,,
The Exploding Girl,2009,Hulu,,
The Face of Love,2013,Hulu,,
The Female Brain,2017,Hulu,,
The Fields,2011,Hulu,,
The Final Member,2012,Hulu,,
The Firm,1993,Hulu,,
The Flat,2011,Hulu,,
The Forgotten,2004,Hulu,2014.0,Netflix
The Furies,1950,Hulu,,
The Game Changer,2017,Hulu,,
The Gardener,2017,Hulu,,
The Gatehouse,2016,Hulu,,
The German Doctor,2013,Hulu,,
The Ghoul,2017,Hulu,,
The Glass Castle,2017,Hulu,,
The Godson,1998,Hulu,,
The Golden Compass,2007,Hulu,,
"The Goods: Live Hard, Sell Hard",2009,Hulu,,
"The Good, The Bad, The Weird",2008,Hulu,,
The Gospel According to André,2018,Hulu,,
The Greatest Movie Ever Rolled,2013,Hulu,,
The Halloween Tree,1993,Hulu,,
The Hangman,1959,Hulu,,
The Heart of Christmas,2011,Hulu,,
The Heart of Nuba,2016,Hulu,,
The Hero,2017,Hulu,,
The Hexecutioners,2015,Hulu,,
The Hills Have Eyes,1977,Hulu,,
The Host,2006,Hulu,,
The Hot Chick,2002,Hulu,,
The Hot Flashes,2013,Hulu,,
The House I Live In,2012,Hulu,,
The Housemaid,2016,Hulu,,
The Houses October Built,2014,Hulu,,
The Houses October Built 2,2017,Hulu,,
The Icarus Line Must Die,2017,Hulu,,
The Ice Cream Truck,2017,Hulu,,
The Inhabitants,2015,Hulu,,
The Intended,2002,Hulu,,
The Interpreter,2005,Hulu,,
Their Finest,2017,Hulu,,
The Jungle Bunch: The Movie,2011,Hulu,,
The Keeper of Lost Causes,2013,Hulu,,
The Kid with a Bike,2011,Hulu,,
The Kill Team,2013,Hulu,,
The Last Airbender,2010,Hulu,,
The Last Boy Scout,1991,Hulu,,
The Last Days on Mars,2013,Hulu,,
The Last Wild,2017,Hulu,,
The Levenger Tapes,2013,Hulu,,
The Limehouse Golem,2016,Hulu,,
The Limey,1999,Hulu,,
The Little Death,2014,Hulu,,
The Little Ghost,2013,Hulu,,
Thelma,2017,Hulu,,
Thelma & Louise,1991,Hulu,,
The Loneliest Planet,2011,Hulu,,
The Long Riders,1980,Hulu,,
The Long Way Back: The Story of Todd Z-Man Zalkins,2017,Hulu,,
The Look of Love,2013,Hulu,,
The Lorax,1972,Hulu,,
The Lost Wife of Robert Durst,2017,Hulu,,
The Lovers,2015,Hulu,2015.0,Netflix
The Madness of King George,1994,Hulu,,
The Magic Hockey Skates,2012,Hulu,,
The Magnificent Seven,2016,Hulu,,
The Man Who Used to Be Me,2000,Hulu,,
The March Sisters at Christmas,2012,Hulu,,
The Marc Pease Experience,2009,Hulu,,
The Massively Mixed-Up Middle School Mystery,2015,Hulu,,
The Mayflower Voyagers,1988,Hulu,,
The Messenger,2009,Hulu,2015.0,Netflix
The Midnight Man,2016,Hulu,,
The Mighty,1998,Hulu,,
The Miracle Season,2018,Hulu,,
The Mistle-Tones,2012,Hulu,,
The Monkey King 3,2018,Hulu,,
The NeverEnding Story,1984,Hulu,,
The NeverEnding Story II: The Next Chapter,1990,Hulu,,
The New Radical,2017,Hulu,,
The Night Watchmen,2017,Hulu,,
The Numbers Station,2013,Hulu,,
The Oogieloves in the Big Balloon Adventure,2012,Hulu,,
The Opposite Sex,2014,Hulu,,
The Osiris Child,2016,Hulu,,
The Other F Word,2011,Hulu,,
The Other Man,2008,Hulu,,
The Overnight,2015,Hulu,,
The Oxford Murders,2008,Hulu,,
The Pact II,2014,Hulu,,
The Pallbearer,1996,Hulu,,
The Party,2017,Hulu,,
The Perfect Human Diet,2012,Hulu,,
The Phantom,1996,Hulu,,
The Portrait of a Lady,1996,Hulu,,
The Preppie Connection,2016,Hulu,,
The Prince of Egypt,1998,Hulu,,
The Project,2013,Hulu,,
The Purple Rose of Cairo,1985,Hulu,,
The Queen of Versailles,2012,Hulu,,
The Quest of Alain Ducasse,2017,Hulu,,
The Quiet Ones,2014,Hulu,,
The Ramen Girl,2008,Hulu,,
The Reagan Show,2017,Hulu,,
The Real Mary Poppins,2014,Hulu,,
The Relationtrip,2017,Hulu,,
The Reluctant Fundamentalist,2013,Hulu,,
The Remains,2016,Hulu,,
The Resident,2011,Hulu,,
The Resurrection of Jake the Snake,2015,Hulu,,
The Reunion,2011,Hulu,,
The Revival,2017,Hulu,,
The Rewrite,2014,Hulu,,
The Road to El Dorado,2000,Hulu,,
The Row,2018,Hulu,,
The Royal Tenenbaums,2001,Hulu,,
The Running Man,1987,Hulu,,
The Saddest Music in the World,2003,Hulu,,
The Samaritan,2012,Hulu,2012.0,Netflix
The Second Mother,2015,Hulu,,
The Secret Garden,1993,Hulu,,
The Secret of the Nutcracker,2007,Hulu,,
The Simone Biles Story: Courage to Soar,2018,Hulu,,
The Snapper,1993,Hulu,,
The Snow Queen 3: Fire and Ice,2016,Hulu,,
The Song,2014,Hulu,,
The Sorcerer and the White Snake,2011,Hulu,,
The Spearhead Effect,2017,Hulu,,
The Spirit of Christmas,2015,Hulu,2015.0,Netflix
The Spiritualist (El espiritista),2016,Hulu,,
The Square,2017,Hulu,,
The Stingiest Man in Town,1978,Hulu,,
The Strange Ones,2018,Hulu,,
The Summit,2012,Hulu,,
The Swan Princess,1994,Hulu,,
The Swan Princess: A Royal Family Tale,2014,Hulu,,
The Swan Princess: A Royal Myztery,2018,Hulu,,
The Swan Princess Christmas,2012,Hulu,,
The Swan Princess: Escape from Castle Mountain,1997,Hulu,,
"The Swan Princess: Princess Tomorrow, Pirate Today!",2016,Hulu,,
The Swan Princess: Royally Undercover,2017,Hulu,,
The Swan Princess: The Mystery of the Enchanted Kingdom,1998,Hulu,,
The Tall Man,2012,Hulu,,
The Tall Stranger,1957,Hulu,,
The Taste of Money,2012,Hulu,,
The Tayo Movie: Mission Ace,2016,Hulu,,
The Team,2017,Hulu,,
The Thanksgiving That Almost Wasn't,1972,Hulu,,
The Thomas Crown Affair,1999,Hulu,,
The Thomas Crown Affair,1968,Hulu,,
The Thousand Faces of Dunjia,2017,Hulu,,
The Treasure,2015,Hulu,,
The Truth About Christmas,2018,Hulu,,
The Twilight Saga: Breaking Dawn - Part 1,2011,Hulu,,
The Twilight Saga: Breaking Dawn - Part 2,2012,Hulu,,
The Twilight Saga: Eclipse,2010,Hulu,,
The Twilight Saga: New Moon,2009,Hulu,,
The Two Faces of January,2014,Hulu,,
The Two Jakes,1990,Hulu,,
The Unauthorized Saved by the Bell Story,2014,Hulu,,
The Unfolding,2016,Hulu,,
The Vatican Tapes,2015,Hulu,,
The Villainess,2017,Hulu,,
The Virgin Suicides,2000,Hulu,,
The Voices,2014,Hulu,,
The Way Back,2010,Hulu,,
The Way of the Gun,2000,Hulu,,
The Weather Man,2005,Hulu,,
The Wedding Plan,2017,Hulu,,
The Weight of Honor,2017,Hulu,,
The Whole Truth,2016,Hulu,,
The Wiggles - Apples and Bananas,2014,Hulu,,
"The Wiggles - Dance, Dance!",2016,Hulu,,
The Wiggles - Dial E For Emma,2016,Hulu,,
The Wiggles: Go Santa Go,2013,Hulu,,
The Wiggles - Lachy!,2016,Hulu,,
The Wiggles Meet The Orchestra,2015,Hulu,,
The Wiggles - Rock and Roll Preschool,2015,Hulu,,
The Wiggles - Taking Off!,2013,Hulu,,
The Wiggles - Wiggle Town,2016,Hulu,,
The Wiggles: Wiggly Halloween,2013,Hulu,,
The Wolfpack,2015,Hulu,,
The Wrecking Crew,2008,Hulu,,
The Year of Spectacular Men,2018,Hulu,,
Thinner,1996,Hulu,,
This Beautiful Fantastic,2016,Hulu,,
Thomas and Friends: Up Up and Away!,2012,Hulu,,
Thomas & Friends: Animals Aboard!,2013,Hulu,,
Thomas & Friends: Blue Mountain Mystery - The Movie,2012,Hulu,,
Thomas & Friends: Calling All Engines!,2005,Hulu,,
Thomas & Friends: Curious Cargo,2012,Hulu,,
Thomas & Friends: Day of the Diesels,2011,Hulu,,
Thomas & Friends: Go Go Thomas,2013,Hulu,,
Thomas & Friends: Hero of the Rails,2009,Hulu,,
Thomas & Friends: King of the Railway,2013,Hulu,,
Thomas & Friends: Misty Island Rescue,2010,Hulu,,
Thomas & Friends: Muddy Matters,2013,Hulu,,
Thomas & Friends: Railway Friends,2009,Hulu,,
Thomas & Friends: Rescue on the Rails,2011,Hulu,,
Thomas & Friends: Songs from the Station,2005,Hulu,,
Thomas & Friends: Spills & Thrills,2014,Hulu,,
Thomas & Friends: Sticky Situations,2012,Hulu,,
Thomas & Friends: The Great Discovery: The Movie,2008,Hulu,,
Thomas & Friends: The Thomas Way,2013,Hulu,,
Thomas & Friends: Trouble on the Tracks,2014,Hulu,,
Thomas & Friends: Wobbly Wheels & Whistles,2011,Hulu,,
Three Kings,1999,Hulu,,
Thunderball,1965,Hulu,,
Tiger Raid,2016,Hulu,,
Till Dad Do Us Part,2001,Hulu,,
Time Toys,2017,Hulu,,
Tiny Christmas,2017,Hulu,,
Tiny Shoulders: Rethinking Barbie,2018,Hulu,,
Tiny Toon Adventures: How I Spent My Vacation,1992,Hulu,,
Tiny Toons Spring Break Special,1994,Hulu,,
To Grandmother's House We Go,1992,Hulu,,
Tombstone,1993,Hulu,,
Tomcats,2001,Hulu,,
Tommy's Honour,2017,Hulu,,
Tom of Finland,2017,Hulu,,
Tomorrow Never Dies,1997,Hulu,,
Tonight She Comes,2016,Hulu,,
Too Funny to Fail: The Life and Death of The Dana Carvey Show,2017,Hulu,,
Total Recall,1990,Hulu,,
To the Moon and Back,2016,Hulu,,
To the Wonder,2013,Hulu,,
Touchback,2011,Hulu,,
Touching the Void,2003,Hulu,,
Tracktown,2017,Hulu,,
Tragedy Girls,2017,Hulu,,
Transformers: The Last Knight,2017,Hulu,,
Transpecos,2016,Hulu,,
Trigun: Badlands Rumble,2010,Hulu,,
Trishna,2011,Hulu,,
Trucks,1997,Hulu,,
True Grit,1969,Hulu,,
Tucker and Dale vs Evil,2010,Hulu,,
Tumbledown,2015,Hulu,,
Twenty Twenty-Four,2017,Hulu,,
Twilight,2008,Hulu,,
"Two Days, One Night",2014,Hulu,,
Two Trains Runnin',2016,Hulu,,
UFO Chronicles: Cosmic Watergate,2013,Hulu,,
UFO Chronicles: The Aliens Arrive,2018,Hulu,,
UFOs: The Secret History,2010,Hulu,,
Ulee's Gold,1997,Hulu,,
Under the Tree,2017,Hulu,,
Undrafted,2016,Hulu,,
Unforgettable,1996,Hulu,,
Universal Soldier,1992,Hulu,,
Untamed Heart,1993,Hulu,,
Urban Country,2018,Hulu,,
Valkyrie,2008,Hulu,,
Vampire Wars,2017,Hulu,,
Venus in Fur,2013,Hulu,,
Very Good Girls,2013,Hulu,,
V/H/S,2012,Hulu,,
V/H/S/2,2013,Hulu,,
Violet & Daisy,2011,Hulu,,
Virtual Revolution,2016,Hulu,,
Wakko's Wish,1999,Hulu,,
Walking with the Enemy,2014,Hulu,,
Warpath,1951,Hulu,,
Watch If You Dare,2018,Hulu,,
Wayne's World,1992,Hulu,,
Wayne's World 2,1993,Hulu,,
We Are Marshall,2006,Hulu,,
We Are X,2016,Hulu,,
We Blew It,2017,Hulu,,
Wedding Crashers,2005,Hulu,,
Weiner,2016,Hulu,,
Wendy and Lucy,2008,Hulu,,
We Need to Talk About Kevin,2011,Hulu,,
What's Cooking?,2000,Hulu,,
What We Become,2015,Hulu,,
Where the Skin Lies,2017,Hulu,,
While You Were Sleeping,1995,Hulu,,
White Bird in a Blizzard,2014,Hulu,,
Whitey: United States of America v. James J. Bulger,2014,Hulu,,
Whitney,2018,Hulu,,
Who Killed Nancy?,2009,Hulu,,
Whose Streets?,2017,Hulu,,
Who's Watching Oliver,2018,Hulu,,
Why Did I Get Married Too?,2010,Hulu,,
Why Stop Now?,2012,Hulu,,
Wicker Park,2004,Hulu,,
Wild Bill,2011,Hulu,,
Windtalkers,2002,Hulu,,
Winter Ridge,2018,Hulu,,
With a Friend Like Harry...,2000,Hulu,,
WolfCop,2014,Hulu,,
Wolf Warrior 2,2017,Hulu,,
Women & Sometimes Men,2017,Hulu,,
Wonder,2017,Hulu,,
Wonderland,2003,Hulu,,
Words and Pictures,2013,Hulu,,
World's Greatest Dad,2009,Hulu,,
Wraith,2017,Hulu,,
Wu: The Story of the Wu-Tang Clan,2008,Hulu,,
xXx: Return of Xander Cage,2017,Hulu,,
XX/XY,2002,Hulu,,
You Kill Me,2007,Hulu,,
"You, Me and Dupree",2006,Hulu,,
Young Adult,2011,Hulu,,
Young & Beautiful,2013,Hulu,,
You're Killing Me,2015,Hulu,,
"Yours, Mine & Ours",2005,Hulu,,
Yu-Gi-Oh!: The Dark Side of Dimensions,2016,Hulu,,
Yu-Gi-Oh! The Movie,2004,Hulu,,
Zapped,2014,Hulu,2014.0,Netflix
Zathura: A Space Adventure,2005,Hulu,,
Zen Dog,2016,Hulu,,
Zero Days,2016,Hulu,,
